sex	cigar	amr	eur	afr	cdh1	tp53
M	N	0.13	0.69	0.18	12	22
F	S	0.14	0.62	0.24	22	12
F	N	0.18	0.61	0.21	12	22
F	N	0.12	0.59	0.29	22	22
M	N	0.15	0.65	0.2	12	22
F	N	0.17	0.58	0.25	22	22
F	N	0.12	0.66	0.22	12	22
F	N	0.24	0.55	0.21	22	11
F	N	0.16	0.56	0.28	12	22
M	N	0.15	0.61	0.24	12	22
M	N	0.11	0.52	0.37	22	22
F	N	0.11	0.63	0.26	22	12
M	N	0.16	0.57	0.27	12	22
F	S	0.22	0.54	0.24	12	22
F	N	0.1	0.6	0.3	22	22
F	N	0.11	0.56	0.33	22	22
F	N	0.13	0.59	0.28	22	22
F	N	0.14	0.65	0.21	22	22
F	N	0.13	0.66	0.21	12	22
F	N	0.22	0.58	0.2	11	22
M	N	0.2	0.6	0.2	22	22
F	N	0.08	0.63	0.29	22	22
F	N	0.16	0.56	0.28	11	22
M	N	0.1	0.71	0.19	12	12
M	N	0.09	0.62	0.29	12	22
F	N	0.12	0.61	0.27	11	12
M	N	0.27	0.54	0.19	12	22
F	N	0.1	0.62	0.28	22	12
M	S	0.17	0.62	0.21	12	12
F	N	0.14	0.65	0.21	22	22
F	N	0.18	0.49	0.33	12	22
M	S	0.19	0.57	0.24	22	22
M	N	0.23	0.59	0.18	22	12
M	S	0.15	0.61	0.24	12	22
M	N	0.17	0.53	0.3	12	12
F	N	0.12	0.63	0.25	22	22
M	N	0.1	0.64	0.26	12	22
F	N	0.17	0.61	0.22	12	12
F	N	0.2	0.61	0.19	22	22
M	N	0.2	0.56	0.24	22	22
F	N	0.21	0.55	0.24	11	22
F	N	0.11	0.6	0.29	12	22
M	S	0.13	0.58	0.29	22	11
M	S	0.07	0.68	0.25	22	22
F	N	0.14	0.67	0.19	22	22
F	N	0.23	0.6	0.17	12	12
F	S	0.17	0.61	0.22	11	22
F	N	0.2	0.6	0.2	12	12
M	N	0.13	0.63	0.24	12	12
M	S	0.12	0.6	0.28	12	22
M	N	0.15	0.61	0.24	22	22
M	N	0.08	0.66	0.26	11	12
F	N	0.15	0.62	0.23	22	22
M	N	0.13	0.52	0.35	11	22
M	S	0.18	0.6	0.22	22	12
M	N	0.2	0.64	0.16	22	12
M	N	0.14	0.57	0.29	22	12
F	S	0.12	0.6	0.28	22	22
M	N	0.16	0.59	0.25	12	22
F	S	0.12	0.66	0.22	12	22
M	N	0.17	0.6	0.23	22	22
M	N	0.14	0.65	0.21	22	22
F	N	0.14	0.49	0.37	11	22
M	N	0.17	0.6	0.23	22	12
F	N	0.14	0.64	0.22	22	22
M	N	0.16	0.59	0.25	11	12
M	N	0.16	0.61	0.23	22	12
F	N	0.16	0.52	0.32	12	22
F	N	0.15	0.52	0.33	11	12
F	N	0.21	0.53	0.26	22	22
M	N	0.08	0.62	0.3	12	22
F	N	0.17	0.58	0.25	22	12
F	N	0.16	0.64	0.2	11	22
F	N	0.14	0.57	0.29	12	22
M	N	0.15	0.54	0.31	22	12
M	S	0.13	0.59	0.28	22	22
F	S	0.19	0.52	0.29	12	12
M	N	0.19	0.55	0.26	12	12
M	N	0.14	0.63	0.23	22	22
M	N	0.11	0.65	0.24	12	22
M	N	0.14	0.59	0.27	12	22
F	N	0.29	0.49	0.22	22	12
F	N	0.16	0.64	0.2	22	22
M	N	0.13	0.61	0.26	22	22
F	N	0.19	0.59	0.22	11	22
M	N	0.17	0.61	0.22	12	22
M	N	0.13	0.65	0.22	22	22
M	N	0.2	0.52	0.28	12	22
M	N	0.15	0.59	0.26	12	22
F	N	0.15	0.52	0.33	22	22
M	N	0.16	0.6	0.24	22	22
M	S	0.13	0.64	0.23	22	22
M	N	0.18	0.62	0.2	12	11
F	N	0.17	0.59	0.24	22	22
F	N	0.13	0.55	0.32	12	22
M	N	0.07	0.67	0.26	12	22
F	N	0.16	0.58	0.26	12	22
M	N	0.1	0.64	0.26	22	22
M	N	0.11	0.58	0.31	22	22
M	N	0.1	0.64	0.26	22	22
M	N	0.13	0.64	0.23	12	22
M	N	0.13	0.66	0.21	12	22
F	N	0.13	0.69	0.18	12	22
F	N	0.1	0.74	0.16	22	22
F	N	0.09	0.66	0.25	12	12
M	N	0.18	0.51	0.31	22	22
F	N	0.12	0.59	0.29	12	22
F	N	0.13	0.67	0.2	22	22
M	S	0.14	0.59	0.27	12	22
M	N	0.13	0.55	0.32	11	22
F	N	0.15	0.62	0.23	22	22
F	N	0.12	0.64	0.24	12	22
M	N	0.14	0.56	0.3	12	22
F	S	0.12	0.59	0.29	11	22
F	N	0.15	0.6	0.25	12	22
F	N	0.12	0.68	0.2	12	22
M	N	0.18	0.54	0.28	11	12
F	N	0.14	0.65	0.21	12	22
F	N	0.17	0.61	0.22	22	22
M	N	0.13	0.72	0.15	12	22
